{
    "active_scars": {},
    "volatility_history": [
        {
            "timestamp": 1776195839.44584,
            "success": true
        }
    ],
    "guard_actions": [
        1776195839.445675
    ]
}